query,score,decision,container_count,declared_value,discrepancy_ratio,port,prior_shipments,recent_seizures,route_age_days,shipper_score,shipper_years,transfers
1,0.3544,DECLINE,0.0,50.0,0.5,A,10.0,2.5,46.5,600.0,20.0,3.0
2,0.3544,DECLINE,25.0,50.0,0.5,A,10.0,2.5,46.5,600.0,20.0,3.0
3,0.3544,DECLINE,75.0,50.0,0.5,A,10.0,2.5,46.5,600.0,20.0,3.0
4,0.3544,DECLINE,100.0,50.0,0.5,A,10.0,2.5,46.5,600.0,20.0,3.0
5,0.5488,APPROVE,50.0,0.0,0.5,A,10.0,2.5,46.5,600.0,20.0,3.0
6,0.4313,DECLINE,50.0,25.0,0.5,A,10.0,2.5,46.5,600.0,20.0,3.0
7,0.3535,DECLINE,50.0,75.0,0.5,A,10.0,2.5,46.5,600.0,20.0,3.0
8,0.3546,DECLINE,50.0,100.0,0.5,A,10.0,2.5,46.5,600.0,20.0,3.0
9,0.1797,DECLINE,50.0,50.0,0.0,A,10.0,2.5,46.5,600.0,20.0,3.0
10,0.2286,DECLINE,50.0,50.0,0.25,A,10.0,2.5,46.5,600.0,20.0,3.0
11,0.5599,APPROVE,50.0,50.0,0.75,A,10.0,2.5,46.5,600.0,20.0,3.0
12,0.6452,APPROVE,50.0,50.0,1.0,A,10.0,2.5,46.5,600.0,20.0,3.0
13,0.3544,DECLINE,50.0,50.0,0.5,A,0.0,2.5,46.5,600.0,20.0,3.0
14,0.3544,DECLINE,50.0,50.0,0.5,A,5.0,2.5,46.5,600.0,20.0,3.0
15,0.3544,DECLINE,50.0,50.0,0.5,A,15.0,2.5,46.5,600.0,20.0,3.0
16,0.3544,DECLINE,50.0,50.0,0.5,A,20.0,2.5,46.5,600.0,20.0,3.0
17,0.2528,DECLINE,50.0,50.0,0.5,A,10.0,0.0,46.5,600.0,20.0,3.0
18,0.297,DECLINE,50.0,50.0,0.5,A,10.0,1.25,46.5,600.0,20.0,3.0
19,0.5395,APPROVE,50.0,50.0,0.5,A,10.0,3.75,46.5,600.0,20.0,3.0
20,0.5974,APPROVE,50.0,50.0,0.5,A,10.0,5.0,46.5,600.0,20.0,3.0
21,0.6585,APPROVE,50.0,50.0,0.5,A,10.0,2.5,18.0,600.0,20.0,3.0
22,0.5925,APPROVE,50.0,50.0,0.5,A,10.0,2.5,32.0,600.0,20.0,3.0
23,0.2684,DECLINE,50.0,50.0,0.5,A,10.0,2.5,60.0,600.0,20.0,3.0
24,0.2088,DECLINE,50.0,50.0,0.5,A,10.0,2.5,75.0,600.0,20.0,3.0
25,0.1852,DECLINE,50.0,50.0,0.5,A,10.0,2.5,46.5,300.0,20.0,3.0
26,0.2383,DECLINE,50.0,50.0,0.5,A,10.0,2.5,46.5,450.0,20.0,3.0
27,0.4732,DECLINE,50.0,50.0,0.5,A,10.0,2.5,46.5,750.0,20.0,3.0
28,0.5161,APPROVE,50.0,50.0,0.5,A,10.0,2.5,46.5,900.0,20.0,3.0
29,0.3266,DECLINE,50.0,50.0,0.5,A,10.0,2.5,46.5,600.0,0.0,3.0
30,0.3498,DECLINE,50.0,50.0,0.5,A,10.0,2.5,46.5,600.0,10.0,3.0
31,0.4017,DECLINE,50.0,50.0,0.5,A,10.0,2.5,46.5,600.0,30.0,3.0
32,0.4194,DECLINE,50.0,50.0,0.5,A,10.0,2.5,46.5,600.0,40.0,3.0
33,0.3544,DECLINE,50.0,50.0,0.5,A,10.0,2.5,46.5,600.0,20.0,0.0
34,0.3544,DECLINE,50.0,50.0,0.5,A,10.0,2.5,46.5,600.0,20.0,1.5
35,0.3544,DECLINE,50.0,50.0,0.5,A,10.0,2.5,46.5,600.0,20.0,4.5
36,0.3544,DECLINE,50.0,50.0,0.5,A,10.0,2.5,46.5,600.0,20.0,6.0
37,0.3478,DECLINE,50.0,50.0,0.5,B,10.0,2.5,46.5,600.0,20.0,3.0
38,0.351,DECLINE,50.0,50.0,0.5,C,10.0,2.5,46.5,600.0,20.0,3.0
39,0.3517,DECLINE,50.0,50.0,0.5,D,10.0,2.5,46.5,600.0,20.0,3.0
40,0.2247,DECLINE,25.0,25.0,0.25,A,5.0,1.25,32.25,450.0,10.0,1.5
41,0.2351,DECLINE,25.0,25.0,0.25,B,5.0,1.25,32.25,450.0,10.0,1.5
42,0.043,DECLINE,25.0,25.0,0.25,C,5.0,1.25,32.25,450.0,10.0,1.5
43,0.2462,DECLINE,25.0,25.0,0.25,D,5.0,1.25,32.25,450.0,10.0,1.5
44,0.6708,APPROVE,75.0,75.0,0.75,A,15.0,3.75,60.75,750.0,30.0,4.5
45,0.6684,APPROVE,75.0,75.0,0.75,B,15.0,3.75,60.75,750.0,30.0,4.5
46,0.6686,APPROVE,75.0,75.0,0.75,C,15.0,3.75,60.75,750.0,30.0,4.5
47,0.6614,APPROVE,75.0,75.0,0.75,D,15.0,3.75,60.75,750.0,30.0,4.5
49,0.9546,APPROVE,50.0,0.0,1.0,B,10.0,5.0,18.0,900.0,40.0,3.0
50,0.043,DECLINE,50.0,0.0,1.0,C,10.0,5.0,18.0,900.0,40.0,3.0
51,0.9563,APPROVE,50.0,0.0,1.0,D,10.0,5.0,18.0,900.0,40.0,3.0
52,0.9559,APPROVE,0.0,0.0,1.0,A,10.0,5.0,18.0,900.0,40.0,3.0
53,0.9559,APPROVE,100.0,0.0,1.0,A,10.0,5.0,18.0,900.0,40.0,3.0
54,0.9559,APPROVE,50.0,0.0,1.0,A,10.0,5.0,18.0,900.0,40.0,3.0
55,0.9559,APPROVE,50.0,0.0,1.0,A,0.0,5.0,18.0,900.0,40.0,3.0
56,0.9559,APPROVE,50.0,0.0,1.0,A,20.0,5.0,18.0,900.0,40.0,3.0
57,0.9559,APPROVE,50.0,0.0,1.0,A,10.0,5.0,18.0,900.0,40.0,6.0
58,0.9559,APPROVE,50.0,0.0,1.0,A,10.0,5.0,18.0,900.0,40.0,0.0
