id,round,challenge,query_index,request_id,ts,declared_value,route_age_days,shipper_years,discrepancy_ratio,shipper_score,prior_shipments,recent_seizures,container_count,transfers,port,score,decision
R1-Q001,R1,GK-06,1,1949151a-1f24-4ee4-bcb5-1e0aa2d0da57,2026-10-06T08:58:12.541454+00:00,50,46.5,20,0.5,600,10,2.5,0,3,A,0.3544,DECLINE
R1-Q002,R1,GK-06,2,e5491dde-308c-430f-96ad-bd2f2805e892,2026-10-06T08:58:31.408123+00:00,50,46.5,20,0.5,600,10,2.5,25,3,A,0.3544,DECLINE
R1-Q003,R1,GK-06,3,691a1f29-80de-40b2-860a-a14d535b8e26,2026-10-06T08:58:39.703585+00:00,50,46.5,20,0.5,600,10,2.5,75,3,A,0.3544,DECLINE
R1-Q004,R1,GK-06,4,f629913f-a412-497f-8452-8cf9241bc3b8,2026-10-06T08:58:45.141194+00:00,50,46.5,20,0.5,600,10,2.5,100,3,A,0.3544,DECLINE
R1-Q005,R1,GK-06,5,6a2a916d-328e-4c90-a5eb-1af390a82675,2026-10-06T08:59:03.935991+00:00,0,46.5,20,0.5,600,10,2.5,50,3,A,0.5488,APPROVE
R1-Q006,R1,GK-06,6,b59f7137-ffb7-4b5e-84ce-7e2a649b6389,2026-10-06T08:59:22.340141+00:00,25,46.5,20,0.5,600,10,2.5,50,3,A,0.4313,DECLINE
R1-Q007,R1,GK-06,7,6c001632-b5c3-43a4-b765-fe7e70ba5d40,2026-10-06T08:59:27.264988+00:00,75,46.5,20,0.5,600,10,2.5,50,3,A,0.3535,DECLINE
R1-Q008,R1,GK-06,8,49b7a172-d6a5-4af0-af5b-10ed6549cf7a,2026-10-06T08:59:32.742655+00:00,100,46.5,20,0.5,600,10,2.5,50,3,A,0.3546,DECLINE
R1-Q009,R1,GK-06,9,64a7d215-5f6b-4bf2-b859-32b6ae2735d8,2026-10-06T08:59:51.527946+00:00,50,46.5,20,0,600,10,2.5,50,3,A,0.1797,DECLINE
R1-Q010,R1,GK-06,10,824e2234-9a40-4bd8-a281-cabb528701ee,2026-10-06T09:00:12.515388+00:00,50,46.5,20,0.25,600,10,2.5,50,3,A,0.2286,DECLINE
R1-Q011,R1,GK-06,11,8dae53ba-b894-4cb6-917e-b9212811eb6a,2026-10-06T09:00:22.693073+00:00,50,46.5,20,0.75,600,10,2.5,50,3,A,0.5599,APPROVE
R1-Q012,R1,GK-06,12,c6ffc45d-797b-467e-8376-51c0b8b3d4d3,2026-10-06T09:00:31.853558+00:00,50,46.5,20,1,600,10,2.5,50,3,A,0.6452,APPROVE
R1-Q013,R1,GK-06,13,065e4629-d956-4d52-888b-18101f15d759,2026-10-06T09:02:21.438910+00:00,50,46.5,20,0.5,600,0,2.5,50,3,A,0.3544,DECLINE
R1-Q014,R1,GK-06,14,7f0bbb28-86f6-450e-9fc0-61a348527c17,2026-10-06T09:02:30.513745+00:00,50,46.5,20,0.5,600,5,2.5,50,3,A,0.3544,DECLINE
R1-Q015,R1,GK-06,15,490949e3-1652-4ebf-89a5-8f0608c8fe9d,2026-10-06T09:02:34.749262+00:00,50,46.5,20,0.5,600,15,2.5,50,3,A,0.3544,DECLINE
R1-Q016,R1,GK-06,16,21a31aa3-861b-4485-a58d-58fe611687a7,2026-10-06T09:02:40.392686+00:00,50,46.5,20,0.5,600,20,2.5,50,3,A,0.3544,DECLINE
R1-Q017,R1,GK-06,17,65ae56ee-2c4f-4c02-a228-c649e2fd0956,2026-10-06T09:02:51.578873+00:00,50,46.5,20,0.5,600,10,0,50,3,A,0.2528,DECLINE
R1-Q018,R1,GK-06,18,fb9f1d12-ce84-4272-acef-7e555f22b681,2026-10-06T09:02:57.077786+00:00,50,46.5,20,0.5,600,10,1.25,50,3,A,0.297,DECLINE
R1-Q019,R1,GK-06,19,660837f7-1d3b-4a24-aa49-424b8b500118,2026-10-06T09:03:03.914104+00:00,50,46.5,20,0.5,600,10,3.75,50,3,A,0.5395,APPROVE
R1-Q020,R1,GK-06,20,408f6dd9-f6b5-4c42-a27a-5de8c5fc3c69,2026-10-06T09:03:08.197514+00:00,50,46.5,20,0.5,600,10,5,50,3,A,0.5974,APPROVE
R1-Q021,R1,GK-06,21,d71d04ae-5f9b-44cb-b021-7f2f85c92fbc,2026-10-06T09:03:17.963158+00:00,50,18,20,0.5,600,10,2.5,50,3,A,0.6585,APPROVE
R1-Q022,R1,GK-06,22,70699ad4-005b-4c74-a86d-bc8defb0e59f,2026-10-06T09:03:22.394123+00:00,50,32,20,0.5,600,10,2.5,50,3,A,0.5925,APPROVE
R1-Q023,R1,GK-06,23,30c0bc27-1ad9-4642-9085-fcb3223e4a85,2026-10-06T09:03:29.283026+00:00,50,60,20,0.5,600,10,2.5,50,3,A,0.2684,DECLINE
R1-Q024,R1,GK-06,24,77d5d099-27d1-4fd2-9c57-f01326124df3,2026-10-06T09:03:33.630489+00:00,50,75,20,0.5,600,10,2.5,50,3,A,0.2088,DECLINE
R1-Q025,R1,GK-06,25,02d952eb-994d-44de-a19d-976d741168a8,2026-10-06T09:03:44.098359+00:00,50,46.5,20,0.5,300,10,2.5,50,3,A,0.1852,DECLINE
R1-Q026,R1,GK-06,26,05da370f-1bc3-4489-80ea-6e361b477f34,2026-10-06T09:03:49.904359+00:00,50,46.5,20,0.5,450,10,2.5,50,3,A,0.2383,DECLINE
R1-Q027,R1,GK-06,27,8ff33e73-6f45-4fe7-a352-1c7649e3da11,2026-10-06T09:03:54.895797+00:00,50,46.5,20,0.5,750,10,2.5,50,3,A,0.4732,DECLINE
R1-Q028,R1,GK-06,28,a68bf0c4-819e-4256-8a6d-cc20e58d0295,2026-10-06T09:03:59.312996+00:00,50,46.5,20,0.5,900,10,2.5,50,3,A,0.5161,APPROVE
R1-Q029,R1,GK-06,29,32b5c527-ddd4-4c91-bae9-bd7371d96715,2026-10-06T09:04:19.286363+00:00,50,46.5,0,0.5,600,10,2.5,50,3,A,0.3266,DECLINE
R1-Q030,R1,GK-06,30,31574629-eb2e-4eee-b9ea-46564c5d4dae,2026-10-06T09:04:23.232864+00:00,50,46.5,10,0.5,600,10,2.5,50,3,A,0.3498,DECLINE
R1-Q031,R1,GK-06,31,99c2ee54-7394-403c-a6f3-3397ca0a3962,2026-10-06T09:04:27.808036+00:00,50,46.5,30,0.5,600,10,2.5,50,3,A,0.4017,DECLINE
R1-Q032,R1,GK-06,32,07bd0054-cf76-4c30-80be-769b69dd0292,2026-10-06T09:04:32.361603+00:00,50,46.5,40,0.5,600,10,2.5,50,3,A,0.4194,DECLINE
R1-Q033,R1,GK-06,33,f9a2a8df-1a26-4109-a8a2-56aab2afc3bc,2026-10-06T09:04:46.662375+00:00,50,46.5,20,0.5,600,10,2.5,50,0,A,0.3544,DECLINE
R1-Q034,R1,GK-06,34,cf27fee8-0d5f-425f-a59e-0432c088d218,2026-10-06T09:04:52.177298+00:00,50,46.5,20,0.5,600,10,2.5,50,1.5,A,0.3544,DECLINE
R1-Q035,R1,GK-06,35,da25582d-94c5-4d80-baec-b6acd450c2fa,2026-10-06T09:04:56.794524+00:00,50,46.5,20,0.5,600,10,2.5,50,4.5,A,0.3544,DECLINE
R1-Q036,R1,GK-06,36,3b92ee8e-90dc-4d68-bfe5-fb2b3c4560ab,2026-10-06T09:05:01.522379+00:00,50,46.5,20,0.5,600,10,2.5,50,6,A,0.3544,DECLINE
R1-Q037,R1,GK-06,37,acc3adcc-cbf9-4b19-97a9-37781b8cef32,2026-10-06T09:05:21.993850+00:00,50,46.5,20,0.5,600,10,2.5,50,3,B,0.3478,DECLINE
R1-Q038,R1,GK-06,38,f685555a-bab5-4353-9469-430d7a655f09,2026-10-06T09:05:28.251866+00:00,50,46.5,20,0.5,600,10,2.5,50,3,C,0.351,DECLINE
R1-Q039,R1,GK-06,39,969a7bf7-9d3e-4c55-b7ef-1b815789dfae,2026-10-06T09:05:31.809791+00:00,50,46.5,20,0.5,600,10,2.5,50,3,D,0.3517,DECLINE
R1-Q040,R1,GK-06,40,621e2e53-eda6-4fa2-a468-3f17f3f558f7,2026-10-06T09:06:19.335342+00:00,25,32.25,10,0.25,450,5,1.25,25,1.5,A,0.2247,DECLINE
R1-Q041,R1,GK-06,41,d1bfa215-51fe-4a72-a858-4c085f0100c9,2026-10-06T09:06:23.256562+00:00,25,32.25,10,0.25,450,5,1.25,25,1.5,B,0.2351,DECLINE
R1-Q042,R1,GK-06,42,167f4f70-8048-40cb-a4f2-6363b813f2e5,2026-10-06T09:06:26.947823+00:00,25,32.25,10,0.25,450,5,1.25,25,1.5,C,0.043,DECLINE
R1-Q043,R1,GK-06,43,2caa652b-8e3d-4232-81fd-67bb9d9bd917,2026-10-06T09:06:30.942501+00:00,25,32.25,10,0.25,450,5,1.25,25,1.5,D,0.2462,DECLINE
R1-Q044,R1,GK-06,44,76c76d77-a6aa-4b0b-8df9-4e44fd605cc6,2026-10-06T09:07:09.473057+00:00,75,60.75,30,0.75,750,15,3.75,75,4.5,A,0.6708,APPROVE
R1-Q045,R1,GK-06,45,92c68ebc-bbd1-4ee2-96a4-0733aa7a0cec,2026-10-06T09:07:13.630595+00:00,75,60.75,30,0.75,750,15,3.75,75,4.5,B,0.6684,APPROVE
R1-Q046,R1,GK-06,46,78dc53a2-725c-4c47-8421-5871257ffe56,2026-10-06T09:07:18.194390+00:00,75,60.75,30,0.75,750,15,3.75,75,4.5,C,0.6686,APPROVE
R1-Q047,R1,GK-06,47,0b5feb18-5eba-42c5-8919-902e7496533d,2026-10-06T09:07:22.118084+00:00,75,60.75,30,0.75,750,15,3.75,75,4.5,D,0.6614,APPROVE
R1-Q048,R1,GK-06,48,1b7f23f4-00a5-48da-9520-55ef70b3ca40,2026-10-06T09:12:32.391834+00:00,0,18,40,1,900,10,5,50,3,A,0.9559,APPROVE
R1-Q049,R1,GK-06,49,f8cb5c6c-623c-4865-b8b5-e89551066233,2026-10-06T09:13:28.178903+00:00,0,18,40,1,900,10,5,50,3,B,0.9546,APPROVE
R1-Q050,R1,GK-06,50,df244ab1-50b0-41d9-aa52-3d9836cb5b45,2026-10-06T09:13:35.862894+00:00,0,18,40,1,900,10,5,50,3,C,0.043,DECLINE
R1-Q051,R1,GK-06,51,ae188a7f-2e58-4d8a-816c-5dfaf907d5c4,2026-10-06T09:13:40.970258+00:00,0,18,40,1,900,10,5,50,3,D,0.9563,APPROVE
R1-Q052,R1,GK-06,52,f7ad0ccf-0e15-402c-8574-e4e0be356135,2026-10-06T09:14:02.540841+00:00,0,18,40,1,900,10,5,0,3,A,0.9559,APPROVE
R1-Q053,R1,GK-06,53,03d15e8d-078a-4c78-a292-3300db1283be,2026-10-06T09:14:10.578158+00:00,0,18,40,1,900,10,5,100,3,A,0.9559,APPROVE
R1-Q054,R1,GK-06,54,ea46c5a4-9157-47fa-badc-ba086d6b0f3b,2026-10-06T09:14:15.865791+00:00,0,18,40,1,900,10,5,50,3,A,0.9559,APPROVE
R1-Q055,R1,GK-06,55,3b45c612-fc4c-4c6f-bf5a-9f5a2302e6d6,2026-10-06T09:14:30.552623+00:00,0,18,40,1,900,0,5,50,3,A,0.9559,APPROVE
R1-Q056,R1,GK-06,56,0c652fbb-17d8-471d-9509-90bf04d51233,2026-10-06T09:14:42.307075+00:00,0,18,40,1,900,20,5,50,3,A,0.9559,APPROVE
R1-Q057,R1,GK-06,57,cac09234-2c79-4ff0-a968-7f600647d24f,2026-10-06T09:15:01.856591+00:00,0,18,40,1,900,10,5,50,6,A,0.9559,APPROVE
R1-Q058,R1,GK-06,58,8cd9cb64-141a-46d2-b0e2-08d2d1672368,2026-10-06T09:15:10.198128+00:00,0,18,40,1,900,10,5,50,0,A,0.9559,APPROVE
R1-Q059,R1,GK-06,59,d671db6d-f584-43bd-987a-bf2db282e618,2026-10-06T09:16:09.809464+00:00,3,18,40,1,900,10,5,50,3,D,0.9583,APPROVE
R1-Q060,R1,GK-06,60,ff0f3e25-7840-4f8a-876d-367627c50934,2026-10-06T09:16:19.428385+00:00,8,18,40,1,900,10,5,50,3,D,0.957,APPROVE
R1-Q061,R1,GK-06,61,9153cbde-e003-41d0-bfb0-abca0704ad51,2026-10-06T09:16:31.532540+00:00,0,18,40,1,900,10,4,50,3,D,0.9581,APPROVE
R1-Q062,R1,GK-06,62,bf3994dd-8afe-40f2-98e6-eb7c4b09647e,2026-10-06T09:16:44.872127+00:00,0,22,40,1,900,10,5,50,3,D,0.9612,APPROVE
R1-Q063,R1,GK-06,63,9745d9c4-7bb3-4e20-949a-7fd9daed80ab,2026-10-06T09:17:02.796541+00:00,0,18,40,1,850,10,5,50,3,D,0.9523,APPROVE
R1-Q064,R1,GK-06,64,a97fff39-2093-4539-993b-6757aab38556,2026-10-06T09:17:08.064635+00:00,0,22,40,1,850,10,5,50,3,D,0.957,APPROVE
R1-Q065,R1,GK-06,65,c5cdce0f-ced7-4e4a-8055-cfc63b5ca57d,2026-10-06T09:17:39.189886+00:00,12,18,40,1,900,10,5,50,3,C,0.043,DECLINE
R1-Q066,R1,GK-06,66,27cab3d7-c626-47ba-bcba-abe4c1fb9c20,2026-10-06T09:20:15.195394+00:00,25,18,40,1,900,10,5,50,3,C,0.043,DECLINE
R1-Q067,R1,GK-06,67,bd3a77ee-0442-4e07-8af0-c3a9b04db740,2026-10-06T09:20:25.948246+00:00,50,18,40,1,900,10,5,50,3,C,0.043,DECLINE
R1-Q068,R1,GK-06,68,00570a22-a5f3-4f0f-b40a-a987610c5ec8,2026-10-06T09:20:51.740777+00:00,0,18,40,1,900,0,5,0,0,D,0.9563,APPROVE
R1-Q069,R1,GK-06,69,603a14de-e076-4010-9b54-39061db952f2,2026-10-06T09:21:03.268165+00:00,0,18,40,1,900,0,5,0,6,D,0.9563,APPROVE
R1-Q070,R1,GK-06,70,7bda67ef-9a4b-436e-b745-7324289f1882,2026-10-06T09:21:26.230062+00:00,0,18,40,1,900,20,5,0,0,D,0.9563,APPROVE
R1-Q071,R1,GK-06,71,3e215402-4de1-4172-8081-7cf98d7559c2,2026-10-06T09:22:16.286184+00:00,0,18,40,1,900,0,5,100,0,D,0.9563,APPROVE
R1-Q072,R1,GK-06,72,b56b56ac-6599-4ba2-aafc-d985d7b9c3e5,2026-10-06T09:22:20.601760+00:00,0,18,40,1,900,0,5,100,6,D,0.9563,APPROVE
R1-Q073,R1,GK-06,73,572e1ac8-06ab-4519-8ffb-be62a5a47516,2026-10-06T09:22:35.404969+00:00,0,18,40,1,900,20,5,100,0,D,0.9563,APPROVE
R1-Q074,R1,GK-06,74,0a11b15e-92d0-4d56-a308-ac0ef03d6a30,2026-10-06T09:22:41.334654+00:00,0,18,40,1,900,20,5,100,6,D,0.9563,APPROVE
R1-Q075,R1,GK-06,75,e852fd32-1242-4003-b595-250ba49c363d,2026-10-06T09:23:16.895412+00:00,5,20,38,0.95,860,3,4.6,20,5,D,0.9712,APPROVE
R1-Q076,R1,GK-06,76,8424a801-0492-472e-bdf4-47f8d48f822e,2026-10-06T09:23:58.561664+00:00,2,25,12,0.85,820,17,3.9,85,1,B,0.9138,APPROVE
R1-Q077,R1,GK-06,77,639d56a9-d9c8-4bc3-9a1a-80835f90c302,2026-10-06T09:24:31.297231+00:00,15,19,33,0.9,880,8,4.2,60,6,A,0.9659,APPROVE
R1-Q078,R1,GK-06,78,58453ed4-48fc-40a8-b415-e77ca3604785,2026-10-06T09:25:05.212321+00:00,0,18,40,0.7,900,14,5,10,0.5,D,0.9538,APPROVE
R1-Q079,R1,GK-06,79,8b993ab4-d9bc-437b-aaf1-9bc7799c3f2f,2026-10-06T09:26:22.235057+00:00,77.776,65.6,18.649,0.528,673.851,8.411,0.492,93.299,5.121,B,0.1843,DECLINE
R1-Q080,R1,GK-06,80,a414cf59-f74c-41ed-a7c4-fefba0e3f28a,2026-10-06T09:26:25.162444+00:00,74.683,68.412,3.38,0.741,560.664,14.328,0.57,65.298,0.712,D,0.1292,DECLINE
R1-Q081,R1,GK-06,81,70694fc8-aa31-462d-b8a9-66d767751922,2026-10-06T09:27:47.186412+00:00,0,18,40,0.9,900,10,5,50,3,D,0.9584,APPROVE
R1-Q082,R1,GK-06,82,b7e688e9-8ba6-4a0f-b692-7331a6fb32b1,2026-10-06T09:27:55.976947+00:00,0,18,40,0.8,900,10,5,50,3,D,0.9524,APPROVE
R1-Q083,R1,GK-06,83,3a32fce0-b5a4-47d2-96ee-f8551a681784,2026-10-06T09:28:01.705570+00:00,0,18,40,1,900,10,5,50,3,D,0.9563,APPROVE
R1-Q084,R1,GK-06,84,7de81047-a0dd-4c6d-bf02-65686958aa97,2026-10-06T09:28:08.418152+00:00,0,18,40,1,850,10,5,50,3,D,0.9523,APPROVE
R1-Q085,R1,GK-06,85,59d43473-4cc1-4306-82b7-92644ab139ba,2026-10-06T09:28:18.607672+00:00,0,18,40,1,800,10,5,50,3,D,0.9552,APPROVE
R1-Q086,R1,GK-06,86,0c20a0ce-2072-4745-92b2-4f0d53af73e3,2026-10-06T09:28:34.312466+00:00,0,18,40,1,900,10,4.5,50,3,D,0.9605,APPROVE
R1-Q087,R1,GK-06,87,9f7d094d-1ecf-415d-82a2-2c91855193d2,2026-10-06T09:28:41.669402+00:00,0,18,40,1,900,10,4,50,3,D,0.9581,APPROVE
R1-Q088,R1,GK-06,88,f16d7f54-9f7c-4035-b9a1-35e69214d3bb,2026-10-06T09:28:51.092915+00:00,0,18,40,1,900,10,4.75,50,3,D,0.9592,APPROVE
R1-Q089,R1,GK-06,89,b2eec9f9-1a8c-412d-9e45-37d947274b56,2026-10-06T09:29:03.216824+00:00,0,22,40,1,900,10,4.5,50,3,D,0.9657,APPROVE
R1-Q090,R1,GK-06,90,bed2c1f8-ad4b-4608-871e-2b28b37a826f,2026-10-06T09:29:11.925139+00:00,0,24,40,1,900,10,4.5,50,3,D,0.9681,APPROVE
R1-Q091,R1,GK-06,91,843359ba-47db-4b0e-ae61-7ed36c1bb5c5,2026-10-06T09:29:17.489507+00:00,0,29,40,1,900,10,4.5,50,3,D,0.9644,APPROVE
R1-Q092,R1,GK-06,92,ba59de3f-3984-498a-9445-831a5ea65c1b,2026-10-06T09:29:28.269937+00:00,0,27,40,1,880,10,4.5,50,3,D,0.969,APPROVE
R1-Q093,R1,GK-06,93,2c42d766-2972-470f-9458-ad12592bab7a,2026-10-06T09:29:34.624279+00:00,0,27,37,1,880,10,4.5,50,3,D,0.9715,APPROVE
R1-Q094,R1,GK-06,94,35103105-bea5-47ea-aff1-e58f124f38e2,2026-10-06T09:29:40.497951+00:00,0,27,35,1,880,10,4.5,50,3,D,0.9715,APPROVE
R1-Q095,R1,GK-06,95,a4ca0229-82ba-4c04-9ee2-edf6d956e448,2026-10-06T09:29:49.714061+00:00,0,27,32,1,880,10,4.5,50,3,D,0.974,APPROVE
R1-Q096,R1,GK-06,96,59de95a4-b82f-4b93-9cde-8140a8dc29f3,2026-10-06T09:29:55.187676+00:00,0,27,28,1,880,10,4.5,50,3,D,0.9723,APPROVE
R1-Q097,R1,GK-06,97,1d0ff315-dfc5-4bfd-aa69-81e0f1aab4d9,2026-10-06T09:30:04.997379+00:00,0,27,30,1,880,10,4.5,50,3.8,D,0.9736,APPROVE
R1-Q098,R1,GK-06,98,eeff8c4c-9f59-41e7-941b-b3b889ae45e3,2026-10-06T09:30:09.959797+00:00,0,27,30,1,880,10,4.5,50,4,D,0.9736,APPROVE
R1-Q099,R1,GK-06,99,98135241-2487-4201-a203-309115fc32fa,2026-10-06T09:30:15.450548+00:00,0,27,30,1,880,10,4.5,50,4.5,D,0.9736,APPROVE
R1-Q100,R1,GK-06,100,f10d81be-1b6f-4780-a694-94ef7c6972f4,2026-10-06T09:30:26.918895+00:00,0,27,30,1,880,9,4.5,50,4.5,D,0.9736,APPROVE
R1-Q101,R1,GK-06,101,696e42bc-8d64-4737-b65a-8858a7ce6ef6,2026-10-06T09:30:32.772516+00:00,1,27,30,1,880,9,4.5,50,4.5,D,0.974,APPROVE
R1-Q102,R1,GK-06,102,18bfa218-799c-4e50-a50e-e4d13de9ceac,2026-10-06T09:30:37.048871+00:00,10,27,30,1,880,9,4.5,50,4.5,D,0.9787,APPROVE
R1-Q103,R1,GK-06,103,d52a64f2-500f-4df0-8bc0-eeedef29545d,2026-10-06T09:30:43.206674+00:00,15,27,30,1,880,9,4.5,50,4.5,D,0.9754,APPROVE
R1-Q104,R1,GK-06,104,669dd369-e7ad-46cc-8399-486b6880d4aa,2026-10-06T09:30:50.016080+00:00,10,27,30,1,880,9,4.5,55,4.5,D,0.9787,APPROVE
R1-Q105,R1,GK-06,105,eaf3f067-8b25-45dd-92d6-ab64408228f6,2026-10-06T09:30:55.018834+00:00,10,27,30,1,880,9,4.5,60,4.5,D,0.9787,APPROVE
R1-Q106,R1,GK-06,106,b77edf99-8137-46d0-a6c4-3b91ef830d9e,2026-10-06T09:31:03.613623+00:00,10,27,30,1,880,9,4.5,65,4.5,D,0.9787,APPROVE
R1-Q107,R1,GK-06,107,9ecad421-0bb7-4a7d-8f91-a1169b28f9d9,2026-10-06T09:31:13.978005+00:00,10,27,30,1,870,9,4.5,65,4.5,D,0.9779,APPROVE
R1-Q108,R1,GK-06,108,57c92672-fe3d-430c-a0a7-fcb870846e25,2026-10-06T09:31:28.793981+00:00,11,27,30,1,880,9,4.5,65,4.5,D,0.9772,APPROVE
R1-Q109,R1,GK-06,109,c0657a7e-68dd-4972-88ef-8dc5e74e8db2,2026-10-06T09:31:37.552025+00:00,10,27,30,0.85,880,9,4.5,65,4.5,D,0.9754,APPROVE
R1-Q110,R1,GK-06,110,00cb7702-e33c-4a9d-9544-15a3d591a6f9,2026-10-06T09:31:45.223679+00:00,10,27,30,0.97,880,9,4.5,65,4.5,D,0.9793,APPROVE
R1-Q111,R1,GK-06,111,061ef4c7-9908-4605-bc43-6a9da833da06,2026-10-06T09:31:55.903573+00:00,10,27,30,0.96,880,9,4.5,65,4.5,D,0.979,APPROVE
R1-Q112,R1,GK-06,112,428efcde-8685-4b0d-b95e-e219006f1d16,2026-10-06T09:32:00.301824+00:00,10,27,30,0.99,880,9,4.5,65,4.5,D,0.9787,APPROVE
R1-Q113,R1,GK-06,113,64efb328-13fc-41a4-aaa0-c91d88eeaa50,2026-10-06T09:32:07.956310+00:00,10,27,30,0.97,880,9,4.5,65,4.5,D,0.9793,APPROVE
R1-Q114,R1,GK-06,114,00017fdc-f298-4d12-a983-ef2f72808a06,2026-10-06T09:32:14.262166+00:00,10,27,30,0.97,880,9,4.59,65,4.5,D,0.9782,APPROVE
R1-Q115,R1,GK-06,115,c02daea0-4d61-46a5-9a4d-2f166f90949a,2026-10-06T09:32:21.954750+00:00,10,27,30,0.97,880,9,4.44,65,4.5,D,0.9792,APPROVE
R1-Q116,R1,GK-06,116,c8aa9109-99cf-4b5e-b13f-100aab296e03,2026-10-06T09:32:31.778107+00:00,10,27,30,0.97,880,9.5,4.44,65,4.5,D,0.9792,APPROVE
R1-Q117,R1,GK-06,117,f755bf15-b64e-48af-98bc-b0b9bba1f664,2026-10-06T09:32:38.247045+00:00,10,27,30,0.97,880,9.8,4.44,65,4.5,D,0.9792,APPROVE
R1-Q118,R1,GK-06,118,f0e380cc-bffb-4831-9a73-2a18e397aecb,2026-10-06T09:32:43.392974+00:00,10,27,30,0.97,880,9.8,4.44,65,4.57,D,0.9792,APPROVE
R1-Q119,R1,GK-06,119,c9b1709d-0d4c-4561-8789-08bfbc1c2ec1,2026-10-06T09:32:48.452291+00:00,10,27,30,0.97,880,9.8,4.44,65,4.6,D,0.9792,APPROVE
R1-Q120,R1,GK-06,120,4ee38b23-f205-4ed1-be5e-68686026ad2b,2026-10-06T09:32:52.755869+00:00,10,27,30,0.97,880,9.8,4.44,65,4.8,D,0.9792,APPROVE
R1-Q121,R1,GK-06,121,7ef5f59a-4dbd-4eb5-9e8c-34140eac01e8,2026-10-06T09:33:02.250100+00:00,10,27.5,30,0.97,880,9.8,4.44,65,4.8,D,0.9802,APPROVE
R1-Q122,R1,GK-06,122,c2a890cf-6c13-445f-aa35-f5481b2f26df,2026-10-06T09:33:08.311728+00:00,10,28,30,0.97,880,9.8,4.44,65,4.8,D,0.9788,APPROVE
R1-Q123,R1,GK-06,123,dfdd4336-8063-412a-a91c-92f424dac296,2026-10-06T09:33:14.608920+00:00,10,27.88,30,0.97,880,9.8,4.44,65,4.8,D,0.9788,APPROVE
R1-Q124,R1,GK-06,124,5db8adb2-d1a7-4c27-bb47-5f345a8bdd1c,2026-10-06T09:33:19.883124+00:00,10,27.5,30,0.97,880,9.8,4.44,65,4.8,D,0.9802,APPROVE
R1-Q125,R1,GK-06,125,081de38c-0474-4d2a-a34f-be2e7dc63ce6,2026-10-06T09:33:47.264247+00:00,10.5,27.5,30,0.97,880,9.8,4.44,65,4.8,D,0.9799,APPROVE
R1-Q126,R1,GK-06,126,d384cf9a-bdba-48a5-abd7-518ce0bdc317,2026-10-06T09:33:55.417715+00:00,9.75,27.5,30,0.97,880,9.8,4.44,65,4.8,D,0.9805,APPROVE
R1-Q127,R1,GK-06,127,358ddc52-c4af-47ad-b7ef-5feebb2435cc,2026-10-06T09:34:07.463228+00:00,9.8,27.5,30,0.97,880,9.8,4.44,65,4.8,D,0.9805,APPROVE
R1-Q128,R1,GK-06,128,dd6e2746-778b-40ac-b674-252107cf89e0,2026-10-06T09:34:18.152372+00:00,9.8,27.5,30,0.97,880,9.8,4.44,65.7,4.8,D,0.9805,APPROVE
R1-Q129,R1,GK-06,129,9dedc9a0-6d54-44b9-88d9-f11b7a244b4c,2026-10-06T09:34:28.368487+00:00,9.8,27.5,30,0.97,880,9.8,4.44,67,4.8,D,0.9805,APPROVE
R1-Q130,R1,GK-06,130,ea6437ac-ff9d-4c72-8a2e-f69865ad7e27,2026-10-06T09:34:39.022280+00:00,9.8,27.5,30,0.97,880,9.8,4.44,67,4.8,C,0.043,DECLINE
R1-Q131,R1,GK-06,131,eabb6b89-a4bd-48e0-a27e-873c2e36a12a,2026-10-06T09:34:43.114118+00:00,9.8,27.5,30,0.97,880,9.8,4.44,67,4.8,B,0.9795,APPROVE
R1-Q132,R1,GK-06,132,3e61ed8e-056a-496e-aab0-54aa1c9715db,2026-10-06T09:34:53.580361+00:00,9.8,27.5,30,0.97,880,9.8,4.44,65,4.8,B,0.9795,APPROVE
R1-Q133,R1,GK-06,133,38cc833a-920f-4467-8a47-e43975b6f98b,2026-10-06T09:35:00.495751+00:00,9.9,27.5,30,0.97,880,9.8,4.44,65,4.8,B,0.9791,APPROVE
R1-Q134,R1,GK-06,134,6800f083-d039-4498-8a0f-0c27b46862b5,2026-10-06T09:35:06.007645+00:00,9.6,27.5,30,0.97,880,9.8,4.44,65,4.8,B,0.979,APPROVE
R1-Q135,R1,GK-06,135,aac77b46-c54c-4f06-8f80-f2a7624a2a6b,2026-10-06T09:35:17.288598+00:00,9.75,27.5,30,0.97,885,9.8,4.44,65,4.8,B,0.9787,APPROVE
R1-Q136,R1,GK-06,136,44e63bb2-10d3-4ae2-a280-17a341e49012,2026-10-06T09:35:23.947570+00:00,9.75,27.5,30,0.97,885,9.8,4.44,65,4.8,D,0.9796,APPROVE
R1-Q137,R1,GK-06,137,0936e7f3-31eb-415e-bbc2-b9b5ec43c5cd,2026-10-06T09:35:38.317169+00:00,9.75,27.5,30,0.97,887,9.8,4.44,65,4.8,D,0.9796,APPROVE
R1-Q138,R1,GK-06,138,155f1ab6-f334-4e8c-931e-36bc8263d7fe,2026-10-06T09:35:49.653427+00:00,9.75,27.5,30,0.97,893,9.8,4.44,65,4.8,D,0.9801,APPROVE
R1-Q139,R1,GK-06,139,bb5df712-d8ac-48a5-97c5-70954515e8b2,2026-10-06T09:35:54.849961+00:00,9.75,27.5,30,0.97,895,9.8,4.44,65,4.8,D,0.9801,APPROVE
R1-Q140,R1,GK-06,140,846f7c4c-428e-4476-abb6-f0825a94753c,2026-10-06T09:36:01.421347+00:00,9.75,27.65,30,0.97,895,9.8,4.44,65,4.8,D,0.9796,APPROVE
R1-Q141,R1,GK-06,141,0aac48fb-d886-43f0-8d1f-f9dd422c315f,2026-10-06T09:36:06.578142+00:00,9.75,27.55,30,0.97,895,9.8,4.44,65,4.8,D,0.9801,APPROVE
R1-Q142,R1,GK-06,142,be943c43-1c84-40f7-95cb-8fe9673e2368,2026-10-06T09:36:12.175555+00:00,9.75,27.55,30.5,0.97,895,9.8,4.44,65,4.8,D,0.9803,APPROVE
R1-Q143,R1,GK-06,143,49a8eb48-0a8d-4ac3-90b9-d7ce53b84cee,2026-10-06T09:36:20.910536+00:00,9.75,27.55,30.75,0.97,895,9.8,4.44,65,4.8,D,0.98,APPROVE
R1-Q144,R1,GK-06,144,eb452db3-06e0-44f7-9d63-38e2c91961a1,2026-10-06T09:36:25.745606+00:00,9.75,27.55,30.7,0.97,895,9.8,4.44,65,4.8,D,0.9801,APPROVE
R1-Q145,R1,GK-06,145,d574d7be-c755-4781-89ce-ffeb94c55f53,2026-10-06T09:36:33.219708+00:00,9.75,27.55,30.7,0.97,895,9.8,4.44,65,4.85,D,0.9801,APPROVE
R1-Q146,R1,GK-06,146,01299056-ba21-4240-add9-43373083164e,2026-10-06T09:37:25.558363+00:00,9.75,27.55,30.7,0.985,895,9.8,4.44,65,4.85,D,0.9797,APPROVE
R1-Q147,R1,GK-06,147,1591e11d-6a34-4dca-a759-5556797b8288,2026-10-06T09:37:30.683885+00:00,9.75,27.55,30.7,0.98,895,9.8,4.44,65,4.85,D,0.9797,APPROVE
R1-Q148,R1,GK-06,148,1722e853-69b2-48eb-8c14-390e737ad6d9,2026-10-06T09:37:43.250469+00:00,9.75,27.55,30.7,0.9758,895,9.8,4.44,65,4.85,D,0.98,APPROVE
R1-Q149,R1,GK-06,149,198fe3f1-e9dc-4b32-8e5c-af815da5e28c,2026-10-06T09:38:04.192400+00:00,9.75,27.55,30.7,0.978,895,9.8,4.44,65,4.85,D,0.9797,APPROVE
R1-Q150,R1,GK-06,150,3e6b6d0b-888b-49af-ab80-aba2725891f9,2026-10-06T09:38:45.141012+00:00,9.75,27.55,30.7,0.9,895,9.7,4.46,65,4.85,D,0.9807,APPROVE
R2-Q001,R2,GK-06,1,32fa2020-9914-4ec4-a85f-c57ee7f52c66,2026-10-07T04:32:48.768141+00:00,25,46.5,20,0.75,600,10,2.5,50,3,A,0.6181,APPROVE
R2-Q002,R2,GK-06,2,19762b5b-7cf0-4ba5-be8f-17f5325b36bc,2026-10-07T04:33:14.012111+00:00,25,46.5,20,0.25,600,10,2.5,50,3,A,0.3036,DECLINE
R2-Q003,R2,GK-06,3,474ed70f-abf5-46ad-b466-193da78ee111,2026-10-07T04:33:56.431826+00:00,25,46.5,20,0.5,600,10,3.75,50,3,A,0.5862,APPROVE
R2-Q004,R2,GK-06,4,54edd405-aa5c-4946-9bea-56b1c236fc12,2026-10-07T04:34:34.755010+00:00,25,46.5,20,0.5,600,10,1.25,50,3,A,0.3507,DECLINE
R2-Q005,R2,GK-06,5,1709daa7-1bce-43d6-8fd3-48c3e6094a8f,2026-10-07T04:35:03.368414+00:00,25,32,20,0.5,600,10,2.5,50,3,A,0.6127,APPROVE
R2-Q006,R2,GK-06,6,97e899a8-979d-463b-a008-9c912c8e672e,2026-10-07T04:35:29.472374+00:00,25,60,20,0.5,600,10,2.5,50,3,A,0.318,DECLINE
R2-Q007,R2,GK-06,7,70583ce0-b866-427d-aea8-8d3d4521d9a7,2026-10-07T04:36:01.107923+00:00,25,46.5,20,0.5,750,10,2.5,50,3,A,0.5515,APPROVE
R2-Q008,R2,GK-06,8,4521dd39-3358-43cf-aaf6-03de83f115bb,2026-10-07T04:36:43.253336+00:00,25,46.5,20,0.5,450,10,2.5,50,3,A,0.3016,DECLINE
R2-Q009,R2,GK-06,9,2feaf420-5fba-465d-bd59-b86dc68bdd51,2026-10-07T04:37:15.675532+00:00,25,46.5,30,0.5,600,10,2.5,50,3,A,0.5256,APPROVE
R2-Q010,R2,GK-06,10,40272e5d-2360-43ec-bd3d-82c28d9969c9,2026-10-07T04:38:18.689588+00:00,25,46.5,20,0.75,600,10,3.75,50,3,A,0.7443,APPROVE
R2-Q011,R2,GK-06,11,ab0fd27c-d515-466f-8f29-90f5e2745510,2026-10-07T04:38:49.758729+00:00,50,46.5,20,0.75,600,10,1.25,50,3,A,0.505,APPROVE
R2-Q012,R2,GK-06,12,8f41f9b6-608f-4226-ac02-0ab3027fe962,2026-10-07T04:39:21.109083+00:00,50,32,20,0.75,600,10,2.5,50,3,A,0.6885,APPROVE
R2-Q013,R2,GK-06,13,f352271d-3b53-4b72-9310-a46621240cb6,2026-10-07T04:45:21.847014+00:00,12.5,46.5,5,0.5,600,10,2.5,50,3,A,0.392,DECLINE
R2-Q014,R2,GK-06,14,7e50b4f1-734a-4a70-aa71-e7f4b16d07ec,2026-10-07T04:45:49.883317+00:00,25,46.5,10,0.5,600,10,2.5,50,3,A,0.384,DECLINE
R2-Q015,R2,GK-06,15,e2803520-de70-4cfa-80c4-f625ecfff7e7,2026-10-07T04:46:09.531494+00:00,75,46.5,30,0.5,600,10,2.5,50,3,A,0.3847,DECLINE
R2-Q016,R2,GK-06,16,35289675-28de-49b7-90c2-8bb0c4815e1d,2026-10-07T04:46:30.312278+00:00,100,46.5,40,0.5,600,10,2.5,50,3,A,0.3958,DECLINE
R2-Q017,R2,GK-06,17,338f6541-e4ab-4fbf-938c-2195187147d9,2026-10-07T04:46:57.340902+00:00,12.5,46.5,10,0.5,600,10,2.5,50,3,A,0.4357,DECLINE
R2-Q018,R2,GK-06,18,f2beedfc-a122-4c56-9e96-617f1f1b804e,2026-10-07T04:47:17.118056+00:00,37.5,46.5,30,0.5,600,10,2.5,50,3,A,0.446,DECLINE
R2-Q019,R2,GK-06,19,cb07814e-d37c-42df-ab00-e3f9174eb42f,2026-10-07T04:47:32.430734+00:00,16.67,46.5,20,0.5,600,10,2.5,50,3,A,0.4597,DECLINE
R2-Q020,R2,GK-06,20,ea1c8fa1-2313-48f1-b14d-0312408e19ad,2026-10-07T04:47:53.697030+00:00,33.33,46.5,40,0.5,600,10,2.5,50,3,A,0.4912,APPROVE
R2-Q021,R2,GK-06,21,e14eb1c7-dbfd-46e1-93fd-97b302e8e691,2026-10-07T04:48:04.884579+00:00,5,46.5,20,0.5,600,10,2.5,50,3,A,0.5385,APPROVE
R2-Q022,R2,GK-06,22,b7c2bd17-9679-4de4-a160-7f537cd86957,2026-10-07T04:48:15.526557+00:00,10,46.5,20,0.5,600,10,2.5,50,3,A,0.5155,APPROVE
R2-Q023,R2,GK-06,23,7ace18f9-0bba-4662-8ceb-0b8bb1dca023,2026-10-07T04:48:23.071362+00:00,15,46.5,20,0.5,600,10,2.5,50,3,A,0.4604,DECLINE
R2-Q024,R2,GK-06,24,d580e8f6-3494-420f-840e-2ce913afd3ff,2026-10-07T04:48:32.383384+00:00,20,46.5,20,0.5,600,10,2.5,50,3,A,0.4546,DECLINE
R2-Q025,R2,GK-06,25,a8eb313c-0001-426d-b230-a402bbcb5520,2026-10-07T04:49:14.097921+00:00,12.7,27.55,40,0.9,895,9.7,4.46,50,4.85,D,0.9696,APPROVE
R2-Q026,R2,GK-06,26,69811b7d-0641-48d1-be4d-8b9dc2aac926,2026-10-07T04:49:31.567257+00:00,12.7,27.55,40,0.9,895,9.7,4.46,65,4.85,D,0.9696,APPROVE
R2-Q027,R2,GK-06,27,abaf35e9-7a96-4817-8ee0-f299ad03cf64,2026-10-07T04:49:48.051462+00:00,6.35,27.55,20,0.9,895,9.7,4.46,65,4.85,D,0.9614,APPROVE
R2-Q028,R2,GK-06,28,af890bf5-f375-4748-938c-283749df5ebf,2026-10-07T04:50:31.004535+00:00,50,18,20,0.25,600,10,2.5,50,3,A,0.4357,DECLINE
R2-Q029,R2,GK-06,29,b658994b-299f-4e0c-882d-11b3676329ba,2026-10-07T04:52:17.701454+00:00,50,32,20,0.25,600,10,2.5,50,3,A,0.4109,DECLINE
R2-Q030,R2,GK-06,30,8dcb3bee-eae9-4396-90d6-b5c1c47d37c4,2026-10-07T04:56:42.573154+00:00,10,46.5,20,0.4,600,10,2.5,50,3,A,0.4353,DECLINE
R2-Q031,R2,GK-06,31,5c8562c6-2ff5-48df-bf42-4e1d92bc0b60,2026-10-07T04:56:53.996630+00:00,10,46.5,20,0.6,600,10,2.5,50,3,A,0.6451,APPROVE
R2-Q032,R2,GK-06,32,5870f782-1fab-46d2-b8e1-fd66e7f5d6c0,2026-10-07T04:57:01.429841+00:00,10,46.5,20,0.3,600,10,2.5,50,3,A,0.3917,DECLINE
R2-Q033,R2,GK-06,33,aa60d7e1-f2ed-43be-9107-3bce2e5cecab,2026-10-07T04:57:06.699555+00:00,10,46.5,20,0.7,600,10,2.5,50,3,A,0.6841,APPROVE
R2-Q034,R2,GK-06,34,95ac3a33-7c32-43b9-a320-308a0bbd500b,2026-10-07T04:57:11.361699+00:00,10,46.5,20,0.5,600,10,2.5,50,3,A,0.5155,APPROVE
R2-Q035,R2,GK-06,35,9b32caee-b0c5-4b2e-a645-86a344353532,2026-10-07T04:57:23.269699+00:00,10,46.5,20,0.5,600,10,3,50,3,A,0.6305,APPROVE
R2-Q036,R2,GK-06,36,886bbec2-55a7-4bea-bca0-a68c0dc69252,2026-10-07T04:57:29.134368+00:00,10,46.5,20,0.5,600,10,1.5,50,3,A,0.4613,DECLINE
R2-Q037,R2,GK-06,37,e8cb67c4-0f9f-4fba-ac09-294f437e0617,2026-10-07T04:57:36.158424+00:00,10,46.5,20,0.5,600,10,3.5,50,3,A,0.6413,APPROVE
R2-Q038,R2,GK-06,38,1862fed1-cd59-4b6a-bed3-265062fc9046,2026-10-07T04:57:48.889331+00:00,10,41.5,20,0.5,600,10,2.5,50,3,A,0.619,APPROVE
R2-Q039,R2,GK-06,39,dfe6f0e5-a67d-470a-945c-ed9567bc1711,2026-10-07T04:57:55.822210+00:00,10,51.5,20,0.5,600,10,2.5,50,3,A,0.4793,DECLINE
R2-Q040,R2,GK-06,40,18702050-27d8-455c-acce-aa194b8a404e,2026-10-07T04:58:01.496101+00:00,10,36.5,20,0.5,600,10,2.5,50,3,A,0.676,APPROVE
R2-Q041,R2,GK-06,41,582c4124-8105-4760-ab27-d7d21dbff88d,2026-10-07T04:58:07.009099+00:00,10,56.5,20,0.5,600,10,2.5,50,3,A,0.4439,DECLINE
R2-Q042,R2,GK-06,42,ebe88fbb-fa91-45db-8dff-b77bf35b6d13,2026-10-07T04:58:18.693614+00:00,10,46.5,20,0.5,550,10,2.5,50,3,A,0.4796,DECLINE
R2-Q043,R2,GK-06,43,6dc394eb-1c0a-4552-a770-19e2e760547a,2026-10-07T04:58:24.913506+00:00,10,46.5,20,0.5,650,10,2.5,50,3,A,0.5589,APPROVE
R2-Q044,R2,GK-06,44,1e30148a-6480-4a39-886c-c2bc2388ebf2,2026-10-07T04:58:30.868521+00:00,10,46.5,20,0.5,500,10,2.5,50,3,A,0.4305,DECLINE
R2-Q045,R2,GK-06,45,8e62a320-0227-473a-b38d-ec4a2b3681a2,2026-10-07T04:58:36.302264+00:00,10,46.5,20,0.5,700,10,2.5,50,3,A,0.5735,APPROVE
R2-Q046,R2,GK-06,46,6c51c742-4999-46fe-bdf8-2d1153c552a2,2026-10-07T04:58:48.111225+00:00,10,46.5,15,0.5,600,10,2.5,50,3,A,0.4939,APPROVE
R2-Q047,R2,GK-06,47,de19b037-25a1-4f8c-893b-956767592cb0,2026-10-07T04:58:52.792146+00:00,10,46.5,25,0.5,600,10,2.5,50,3,A,0.6061,APPROVE
R2-Q048,R2,GK-06,48,25d3e1eb-3d2a-4bea-97cb-2e2b2a32cbd6,2026-10-07T04:58:57.918320+00:00,10,46.5,10,0.5,600,10,2.5,50,3,A,0.4639,DECLINE
R2-Q049,R2,GK-06,49,97942274-8ecd-429c-9f38-fb55a1c80754,2026-10-07T04:59:04.061337+00:00,10,46.5,30,0.5,600,10,2.5,50,3,A,0.642,APPROVE
R2-Q050,R2,GK-06,50,514e72cc-f0e4-4d93-834e-bcbf3af01d1d,2026-10-07T04:59:23.799339+00:00,10,46.5,20,0.5,600,10,2.5,25,3,A,0.5155,APPROVE
R2-Q051,R2,GK-06,51,d211faf7-7220-41a3-bd79-a8a24f576424,2026-10-07T04:59:29.633699+00:00,10,46.5,20,0.5,600,10,2.5,75,3,A,0.5155,APPROVE
R2-Q052,R2,GK-06,52,9a567c72-8ccb-4c61-8e2d-b6fc5b4497db,2026-10-07T04:59:54.133513+00:00,10,46.5,20,0.5,600,5,2.5,50,3,A,0.5155,APPROVE
R2-Q053,R2,GK-06,53,d34137c2-b21d-42cf-b3be-9b6d6c989f6b,2026-10-07T05:00:09.686268+00:00,10,46.5,20,0.5,600,15,2.5,50,3,A,0.5155,APPROVE
R2-Q054,R2,GK-06,54,6c96c907-1510-403d-a9e7-1dbc879da7c1,2026-10-07T05:00:19.047278+00:00,10,46.5,20,0.5,600,10,2.5,50,1.5,A,0.5155,APPROVE
R2-Q055,R2,GK-06,55,a8f8da6d-e98a-469c-8098-211ac756df90,2026-10-07T05:00:25.465488+00:00,10,46.5,20,0.5,600,10,2.5,50,4.5,A,0.5155,APPROVE
R2-Q056,R2,GK-06,56,010d4396-37ea-429c-9d18-9aa3e1850391,2026-10-07T05:00:44.977908+00:00,10,46.5,20,0.5,600,10,2.5,50,3,B,0.5112,APPROVE
R2-Q057,R2,GK-06,57,de7b8ee3-8f06-4615-8a71-1638a7641ae2,2026-10-07T05:00:50.450466+00:00,10,46.5,20,0.5,600,10,2.5,50,3,C,0.504,APPROVE
R2-Q058,R2,GK-06,58,83fae037-884c-44de-a434-62d74a003fd7,2026-10-07T05:00:54.701996+00:00,10,46.5,20,0.5,600,10,2.5,50,3,D,0.5072,APPROVE
R2-Q059,R2,GK-06,59,8028f01e-f027-4350-a111-91b9b29a697c,2026-10-07T05:01:22.789672+00:00,5,41.5,25,0.6,650,10,3,50,3,A,0.8706,APPROVE
R2-Q060,R2,GK-06,60,1ca95de6-f008-429e-bafe-54a1b30f24c4,2026-10-07T05:06:23.706291+00:00,5,46.5,20,0.6,600,10,2.5,50,3,A,0.6638,APPROVE
R2-Q061,R2,GK-06,61,a32135e1-0001-4839-993f-0e1b8c088e6a,2026-10-07T05:06:48.824042+00:00,5,46.5,20,0.5,600,10,3,50,3,A,0.6505,APPROVE
R2-Q062,R2,GK-06,62,6818e6ba-367f-4df3-8714-f79e653a66ea,2026-10-07T05:07:16.862119+00:00,5,41.5,20,0.5,600,10,3,50,3,A,0.7418,APPROVE
R2-Q063,R2,GK-06,63,f1088fbf-45a6-412e-bc25-6d1c343a52e7,2026-10-07T05:07:38.236701+00:00,5,41.5,20,0.5,600,10,2.5,50,3,A,0.6564,APPROVE
R2-Q064,R2,GK-06,64,53561acc-d180-4a35-b985-bd5997c4ff12,2026-10-07T05:07:54.063020+00:00,5,46.5,20,0.5,650,10,2.5,50,3,A,0.5735,APPROVE
R2-Q065,R2,GK-06,65,0427b2fc-eb1a-4432-91a8-67f60f1c27d2,2026-10-07T05:08:12.439802+00:00,5,46.5,25,0.5,600,10,2.5,50,3,A,0.631,APPROVE
R2-Q066,R2,GK-06,66,90ec0f2b-5b61-4d5a-81d7-b8360e89d11e,2026-10-07T05:08:37.279610+00:00,5,46.5,20,0.6,600,10,3,50,3,A,0.7673,APPROVE
R2-Q067,R2,GK-06,67,6240c571-2811-4a8b-8266-7b4973747b81,2026-10-07T05:08:57.118122+00:00,10,46.5,20,0.6,600,10,3,50,3,A,0.7514,APPROVE
R2-Q068,R2,GK-06,68,52f801b5-b439-4b97-976e-24f7bff07499,2026-10-07T05:09:16.718368+00:00,10,41.5,20,0.6,600,10,2.5,50,3,A,0.7289,APPROVE
R2-Q069,R2,GK-06,69,71bf2d57-82bd-4564-9ad2-6b4e9de0e6ed,2026-10-07T05:09:33.806591+00:00,10,46.5,20,0.6,650,10,2.5,50,3,A,0.6877,APPROVE
R2-Q070,R2,GK-06,70,ca52f559-0859-418e-9db6-cdcb80708072,2026-10-07T05:10:02.834543+00:00,10,41.5,20,0.5,600,10,3,50,3,A,0.6988,APPROVE
R2-Q071,R2,GK-06,71,fc4a502f-e97e-4448-ac95-d7757f695a12,2026-10-07T05:10:43.752854+00:00,10,46.5,20,0.5,650,10,3,50,3,A,0.6501,APPROVE
R2-Q072,R2,GK-06,72,fcfdcfc4-8432-4bd0-ac1a-28911f2497da,2026-10-07T05:10:56.234158+00:00,10,46.5,25,0.5,600,10,3,50,3,A,0.7091,APPROVE
R2-Q073,R2,GK-06,73,f9c0d9f8-5ffe-485d-b02d-cdcc0751c90e,2026-10-07T05:11:20.385898+00:00,10,41.5,20,0.5,650,10,2.5,50,3,A,0.6321,APPROVE
R2-Q074,R2,GK-06,74,f2cbbf39-9e67-4c9b-92ad-12f65d57a8ab,2026-10-07T05:11:34.246222+00:00,10,41.5,25,0.5,600,10,2.5,50,3,A,0.6979,APPROVE
R2-Q075,R2,GK-06,75,8a0d1794-f046-4a48-8383-ede4628593ef,2026-10-07T05:11:52.465267+00:00,10,46.5,25,0.5,650,10,2.5,50,3,A,0.6305,APPROVE
R2-Q076,R2,GK-06,76,9b41682d-6477-4051-89a2-3e3494a78298,2026-10-07T05:12:17.420389+00:00,10,36.5,20,0.7,600,10,2.5,50,3,A,0.7867,APPROVE
R2-Q077,R2,GK-06,77,34502e90-6abf-4b07-bbb7-970e8e5c2f37,2026-10-07T05:12:36.825876+00:00,10,36.5,20,0.3,600,10,2.5,50,3,A,0.5352,APPROVE
R2-Q078,R2,GK-06,78,407bae0c-6fa4-4535-ad5e-91c34be9ca62,2026-10-07T05:12:55.137802+00:00,10,56.5,20,0.7,600,10,2.5,50,3,A,0.6102,APPROVE
R2-Q079,R2,GK-06,79,185134f6-830d-4abb-a217-588ff932f99f,2026-10-07T05:13:06.027056+00:00,10,56.5,20,0.3,600,10,2.5,50,3,A,0.3117,DECLINE
R2-Q080,R2,GK-06,80,bcc71e1c-bdec-4aeb-a822-3419744631a7,2026-10-07T05:13:29.917391+00:00,0,46.5,30,0.5,600,10,2.5,50,3,A,0.6696,APPROVE
R2-Q081,R2,GK-06,81,eadb91e5-07a1-4149-9b75-43f43af175f2,2026-10-07T05:13:39.593190+00:00,5,46.5,30,0.5,600,10,2.5,50,3,A,0.6633,APPROVE
R2-Q082,R2,GK-06,82,ddbb3571-56da-40fa-ad11-57d19458b2c3,2026-10-07T05:13:53.530156+00:00,15,46.5,30,0.5,600,10,2.5,50,3,A,0.5882,APPROVE
R2-Q083,R2,GK-06,83,41358326-3a9f-471d-afb1-f0bfc1721714,2026-10-07T05:14:06.184870+00:00,10,46.5,40,0.5,600,10,2.5,50,3,A,0.6525,APPROVE
R2-Q084,R2,GK-06,84,ca591d7c-aa35-4c54-9222-d6c2e750a890,2026-10-07T05:14:26.946864+00:00,10,46.5,20,0.6,600,10,1.5,50,3,A,0.576,APPROVE
R2-Q085,R2,GK-06,85,ae56c609-86a3-4bac-8a13-5158130c3bef,2026-10-07T05:14:44.277540+00:00,10,51.5,20,0.6,600,10,2.5,50,3,A,0.6031,APPROVE
R2-Q086,R2,GK-06,86,77d5dcd7-0199-4029-af4c-c1b2f174c155,2026-10-07T05:15:02.480885+00:00,10,46.5,15,0.6,600,10,2.5,50,3,A,0.6244,APPROVE
R2-Q087,R2,GK-06,87,78903bc7-8c21-4bb1-bd3e-afc0c304987e,2026-10-07T05:15:24.090957+00:00,10,51.5,20,0.5,600,10,3,50,3,A,0.5783,APPROVE
R2-Q088,R2,GK-06,88,26f338fa-12f8-434c-bc79-7e49bce3fad0,2026-10-07T05:15:40.713941+00:00,10,46.5,20,0.5,550,10,3,50,3,A,0.6386,APPROVE
R2-Q089,R2,GK-06,89,944e218e-1398-41ef-8b5a-462a17eb2761,2026-10-07T05:16:06.492635+00:00,10,41.5,20,0.5,550,10,3,50,2.5,A,0.7138,APPROVE
R2-Q090,R2,GK-06,90,41ba4cb4-7cd1-4000-8a1e-768f60446bf1,2026-10-07T05:16:36.282090+00:00,10,51.5,25,0.5,600,10,3,50,3,A,0.6491,APPROVE
R2-Q091,R2,GK-06,91,3e5292c4-157e-495b-83a8-9e857f4bc474,2026-10-07T05:22:17.969687+00:00,10,34,20,0.5,600,10,2.5,50,3,C,0.6566,APPROVE
R2-Q092,R2,GK-06,92,1f122c32-cc4c-4f4c-baeb-0b67f9c2f557,2026-10-07T05:22:31.623692+00:00,10,37,20,0.5,600,10,2.5,50,3,C,0.6602,APPROVE
R2-Q093,R2,GK-06,93,9e490676-8086-4e6c-b924-5bd23b11bc4c,2026-10-07T05:22:36.477566+00:00,10,40,20,0.5,600,10,2.5,50,3,C,0.6317,APPROVE
R2-Q094,R2,GK-06,94,390e8756-5123-4c6c-8443-71529024f8e4,2026-10-07T05:22:41.321460+00:00,10,42,20,0.5,600,10,2.5,50,3,C,0.6,APPROVE
R2-Q095,R2,GK-06,95,6d29210f-96a8-43f3-b72b-3881442eff78,2026-10-07T05:22:48.218742+00:00,10,44,20,0.5,600,10,2.5,50,3,C,0.5782,APPROVE
R2-Q096,R2,GK-06,96,8f26c88b-c835-473a-879a-dbb68c252c12,2026-10-07T05:23:18.335767+00:00,5,41.5,25,0.6,650,10,3,50,3,B,0.8729,APPROVE
R2-Q097,R2,GK-06,97,a1fd0afc-db9f-4e8d-8fcf-a74c38aaba9c,2026-10-07T05:23:27.885883+00:00,5,41.5,25,0.6,650,10,3,50,3,D,0.8738,APPROVE
R2-Q098,R2,GK-06,98,0adce461-4d81-4fe4-8f08-241773f7fbfa,2026-10-07T05:24:04.983194+00:00,15,51.5,15,0.4,550,10,1.5,50,3,A,0.2312,DECLINE
R2-Q099,R2,GK-06,99,84fe6187-5b4b-4c8e-a925-2f03161d6c19,2026-10-07T05:24:16.804456+00:00,15,51.5,15,0.4,550,10,1.5,50,3,B,0.2273,DECLINE
R2-Q100,R2,GK-06,100,e8a3f1f0-7d4e-452d-954c-3078c8ec66a4,2026-10-07T05:24:23.408867+00:00,15,51.5,15,0.4,550,10,1.5,50,3,D,0.2272,DECLINE
R2-Q101,R2,GK-06,101,0135dd73-dc2d-4cd6-bcd1-96f12d584bdf,2026-10-07T05:24:53.561463+00:00,10,25,20,0.5,600,10,2.5,50,3,A,0.7658,APPROVE
R2-Q102,R2,GK-06,102,9b93ef55-553c-42fc-b6e0-9899141273b0,2026-10-07T05:25:02.361356+00:00,10,25,20,0.5,600,10,2.5,50,3,B,0.7647,APPROVE
R2-Q103,R2,GK-06,103,63366f8a-12cb-4a4a-9cfd-de6c9bffd4c4,2026-10-07T05:25:11.366458+00:00,10,25,20,0.5,600,10,2.5,50,3,D,0.7568,APPROVE
R2-Q104,R2,GK-06,104,c96dd26d-18f6-4203-a4f7-505a7d97e868,2026-10-07T05:25:34.136570+00:00,10,46.5,25,0.6,600,10,2.5,50,3,A,0.7316,APPROVE
R2-Q105,R2,GK-06,105,3c4f9715-c186-4226-8b73-cda994b79be0,2026-10-07T05:26:00.851587+00:00,10,41.5,20,0.5,550,10,2.5,50,3,A,0.6023,APPROVE
R2-Q106,R2,GK-06,106,612a9247-facf-482e-848f-ba3ed854b658,2026-10-07T05:26:19.264736+00:00,10,51.5,25,0.5,550,10,2.5,50,3,A,0.525,APPROVE
R2-Q107,R2,GK-06,107,757a1091-a9e4-4a9d-80a4-d4985cd2ab14,2026-10-07T05:26:45.133707+00:00,10,46.5,20,0.5,500,10,3,50,3,A,0.5963,APPROVE
R2-Q108,R2,GK-06,108,d25be364-0a08-4939-a3b4-72e0d9ce1d45,2026-10-07T05:26:56.540019+00:00,10,46.5,20,0.5,700,10,3,50,3,A,0.6597,APPROVE
R2-Q109,R2,GK-06,109,b8ce023c-3fbc-4442-9f88-f39e6d6d6274,2026-10-07T05:27:16.107308+00:00,10,46.5,20,0.5,500,10,1.5,50,3,A,0.3615,DECLINE
R2-Q110,R2,GK-06,110,ce89768d-4ce4-4502-b7b5-2124455c8a2b,2026-10-07T05:27:26.027897+00:00,10,46.5,20,0.5,550,10,1.5,50,3,A,0.4004,DECLINE
R2-Q111,R2,GK-06,111,40057b17-0e65-43a1-b37e-90c6176f0cb4,2026-10-07T05:27:36.566603+00:00,10,46.5,20,0.5,650,10,1.5,50,3,A,0.5112,APPROVE
R2-Q112,R2,GK-06,112,25080343-2e2f-4634-9e5b-fa285023d8a0,2026-10-07T05:27:51.482031+00:00,10,46.5,20,0.5,700,10,1.5,50,3,A,0.5278,APPROVE
R2-Q113,R2,GK-06,113,c050b89f-4a7e-4b6c-b145-df2f1b2c2e5f,2026-10-07T05:28:11.097186+00:00,10,51.5,20,0.5,650,10,2.5,50,3,A,0.5168,APPROVE
R2-Q114,R2,GK-06,114,f507b7e7-868e-4f46-b71b-2aa7a06770a1,2026-10-07T05:28:22.967480+00:00,10,51.5,20,0.5,550,10,2.5,50,3,A,0.456,DECLINE
R2-Q115,R2,GK-06,115,5a807d6b-897e-4a9e-811c-df2bc43594ef,2026-10-07T05:28:37.263645+00:00,10,36.5,20,0.5,650,10,2.5,50,3,A,0.6923,APPROVE
R2-Q116,R2,GK-06,116,7f406707-ab86-4797-a689-98d359f50121,2026-10-07T05:29:03.579996+00:00,10,41.5,20,0.5,600,10,1.5,50,3,A,0.5491,APPROVE
R2-Q117,R2,GK-06,117,2c8d0b06-4959-43e9-afa1-3300ce5b8be1,2026-10-07T05:29:14.547114+00:00,10,51.5,20,0.5,600,10,1.5,50,3,A,0.4157,DECLINE
R2-Q118,R2,GK-06,118,9f1eaba3-83ed-439a-ae20-26e57deda535,2026-10-07T05:29:41.823079+00:00,10,36.5,25,0.5,600,10,2.5,50,3,A,0.7643,APPROVE
R2-Q119,R2,GK-06,119,4f27cb03-1285-4268-9fd2-60a79601fdb2,2026-10-07T05:30:06.898735+00:00,10,46.5,15,0.5,550,10,2.5,50,3,A,0.4324,DECLINE
R2-Q120,R2,GK-06,120,26d13983-fadb-46f7-83ff-f58c400f5def,2026-10-07T05:30:17.648409+00:00,10,46.5,25,0.5,550,10,2.5,50,3,A,0.5818,APPROVE
R2-Q121,R2,GK-06,121,38a84bc2-b0d9-478b-b546-d54e07318f6a,2026-10-07T05:36:27.370784+00:00,10,46.5,20,0.5,560,10,2.5,50,3,A,0.4824,DECLINE
R2-Q122,R2,GK-06,122,93ed1c5e-c790-46cc-a358-dbb998c3555d,2026-10-07T05:36:45.972310+00:00,10,46.5,20,0.5,570,10,2.5,50,3,A,0.4937,APPROVE
R2-Q123,R2,GK-06,123,3b3e367e-c5c7-4b9f-9c6f-8c15d5e795ca,2026-10-07T05:36:55.107430+00:00,10,46.5,20,0.5,580,10,2.5,50,3,A,0.4973,APPROVE
R2-Q124,R2,GK-06,124,4bc4eb43-37c1-4f0b-a5a4-6a4ce0ad452c,2026-10-07T05:37:14.114258+00:00,10,46.5,20,0.5,550,10,3,50,3,A,0.6386,APPROVE
R2-Q125,R2,GK-06,125,e8f5bb31-d2b8-45bb-aae3-fddf221e9165,2026-10-07T05:37:21.957856+00:00,10,46.5,20,0.5,600,10,3,50,3,A,0.6305,APPROVE
R2-Q126,R2,GK-06,126,9eb29d81-150f-4d18-9d4a-d99d335bfba9,2026-10-07T05:37:58.738093+00:00,10,46.5,20,0.525,600,10,2.5,50,3,A,0.5325,APPROVE
R2-Q127,R2,GK-06,127,14f70892-f579-4c73-abe8-29b6d45127ee,2026-10-07T05:38:13.988415+00:00,10,46.5,20,0.55,600,10,2.5,50,3,A,0.5675,APPROVE
R2-Q128,R2,GK-06,128,ef55350c-5317-44da-9c66-00ed50884e73,2026-10-07T05:38:23.791759+00:00,10,46.5,20,0.575,600,10,2.5,50,3,A,0.5856,APPROVE
R2-Q129,R2,GK-06,129,006a6fce-759c-432d-8455-f4377c3dc362,2026-10-07T05:39:04.024065+00:00,9.8,27.5,30,0.97,880,9.8,4.44,67,4.8,A,0.9792,APPROVE
R2-Q130,R2,GK-06,130,7f58c25f-ed47-4ba7-9f35-3d459b6594d5,2026-10-07T05:39:18.592951+00:00,9.8,27.5,30,0.97,880,9.8,4.44,67,4.8,C,0.043,DECLINE
R2-Q131,R2,GK-06,131,d03841e3-4aa9-4b50-bda7-ab76e16d640d,2026-10-07T05:39:50.240439+00:00,9.8,27.5,30,0.5,880,9.8,4.44,67,4.8,C,0.043,DECLINE
R2-Q132,R2,GK-06,132,e27a307d-0de6-4317-9b97-89a1db531198,2026-10-07T05:39:55.323649+00:00,9.8,27.5,30,0.5,880,9.8,4.44,67,4.8,D,0.9303,APPROVE
R2-Q133,R2,GK-06,133,7097a8a8-485f-4b27-a030-083b845ca9fc,2026-10-07T05:40:19.414286+00:00,9.8,46.5,30,0.97,880,9.8,4.44,67,4.8,C,0.9392,APPROVE
R2-Q134,R2,GK-06,134,3c4e0cc0-04fe-495c-a9f5-43bde3b13de5,2026-10-07T05:40:31.603568+00:00,9.8,46.5,30,0.97,880,9.8,4.44,67,4.8,D,0.9362,APPROVE
R2-Q135,R2,GK-06,135,9e08e5ee-0b27-4487-bc0b-a3efc18c5061,2026-10-07T05:40:54.658916+00:00,9.8,27.5,30,0.97,600,9.8,4.44,67,4.8,C,0.043,DECLINE
R2-Q136,R2,GK-06,136,ec17e438-479d-42f3-ae59-75ab7026311b,2026-10-07T05:41:22.805767+00:00,9.8,27.5,30,0.97,600,9.8,4.44,67,4.8,D,0.9505,APPROVE
R2-Q137,R2,GK-06,137,709d28d2-ea6f-414e-8426-79c5016acd50,2026-10-07T05:44:20.213240+00:00,0,25,35,0.7,900,10,3.5,50,3,D,0.9624,APPROVE
R2-Q138,R2,GK-06,138,f0206997-7851-4ae2-a186-ac2ca995be75,2026-10-07T05:45:35.971689+00:00,9.75,27.55,30.7,0.9,895,9.7,5,65,4.85,D,0.9745,APPROVE
R4-Q001,R4,GK-06,1,fbb5a6b8-7545-4f69-b181-c862300ea1ef,2026-10-07T07:52:29.463490+00:00,10,46.5,20,0.5,600,10,2.5,50,3,A,0.5155,APPROVE
R4-Q002,R4,GK-06,2,375bdb0e-8922-4ff5-b678-009e1a1a9566,2026-10-07T07:52:36.996733+00:00,10,46.5,20,0.5,565,10,2.5,50,3,A,0.4929,APPROVE
R4-Q003,R4,GK-06,3,9657f8dd-9ba0-4f03-b1be-cad8f5eb036b,2026-10-07T07:52:44.424744+00:00,10,46.5,20,0.5,567,10,2.5,50,3,A,0.4938,APPROVE
R4-Q004,R4,GK-06,4,bc81a92e-22d4-4b8c-ad42-ec7540d5bbd4,2026-10-07T07:52:49.715914+00:00,10,46.5,20,0.5,569,10,2.5,50,3,A,0.4937,APPROVE
R4-Q005,R4,GK-06,5,f18c4a01-d333-4f18-9c59-767778e198ff,2026-10-07T07:53:20.200537+00:00,9.8,27.5,30,0.97,880,9.8,4.44,67,4.8,D,0.9805,APPROVE
R4-Q006,R4,GK-06,6,0ea82863-abb8-4493-b069-81e080ae2e2c,2026-10-07T07:53:53.742387+00:00,10,27.5,20,0.5,600,10,2.5,50,3,C,0.043,DECLINE
R4-Q007,R4,GK-06,7,cf8f105c-a5d8-4270-be20-910762e039e0,2026-10-07T07:54:22.840587+00:00,9.8,34,30,0.97,880,9.8,4.44,67,4.8,C,0.9728,APPROVE
R4-Q008,R4,GK-06,8,ec9fa6f2-61c2-44de-b8fa-8ec24f3a493e,2026-10-07T07:54:30.225644+00:00,9.8,40,30,0.97,880,9.8,4.44,67,4.8,C,0.9701,APPROVE
R4-Q009,R4,GK-06,9,8c70e3f7-fdd8-4d6f-a2c5-3205b9837fd0,2026-10-07T07:54:35.596644+00:00,9.8,45,30,0.97,880,9.8,4.44,67,4.8,C,0.9492,APPROVE
R4-Q010,R4,GK-06,10,1dfdf421-516c-443f-80cc-1f8d51c3284b,2026-10-07T07:54:52.511077+00:00,9.8,27.5,30,0.97,880,9.8,2.5,67,4.8,C,0.043,DECLINE
R4-Q011,R4,GK-06,11,6c480db7-2434-436b-967c-e141dce323ce,2026-10-07T07:55:03.850485+00:00,9.8,27.5,30,0.97,880,9.8,4.44,67,4.8,C,0.043,DECLINE
R4-Q012,R4,GK-06,12,f9d0fbe7-f818-4f13-8d6a-7c7ecef7ae4e,2026-10-07T07:55:33.148926+00:00,10,46.5,20,0.5,750,10,2.5,50,3,A,0.6182,APPROVE
R4-Q013,R4,GK-06,13,c0733147-0c9c-4261-96c3-54a1de8dbdcb,2026-10-07T07:55:40.955640+00:00,10,46.5,20,0.5,900,10,2.5,50,3,A,0.6536,APPROVE
R4-Q014,R4,GK-06,14,4d44a4d1-6ebd-4b1a-a681-efbb1478315a,2026-10-07T07:55:52.553288+00:00,10,46.5,20,0.5,575,10,3,50,3,A,0.6413,APPROVE
R4-Q015,R4,GK-06,15,c2bb0f24-0a2e-4d60-b170-5b8739624604,2026-10-07T07:56:01.302588+00:00,10,46.5,20,0.5,575,10,2.5,50,3,A,0.4944,APPROVE
R4-Q016,R4,GK-06,16,0f18707f-00df-41b0-bdb9-19bb78291302,2026-10-07T08:33:25.926157+00:00,10,34,20,0.5,600,10,2.5,50,3,C,0.6566,APPROVE
R4-Q017,R4,GK-06,17,8c4d9926-f28b-48d1-8f9c-bbe5915d8020,2026-10-07T08:34:18.220656+00:00,11,36,20,0.52,605,11,2.7,51,3,C,0.6951,APPROVE
R4-Q018,R4,GK-06,18,80bb33a6-c042-4eee-9a73-d3ecf2c1b72a,2026-10-07T08:42:59.512963+00:00,10,46.5,25,0.5,550,10,2.5,50,3,A,0.5818,APPROVE
R4-Q019,R4,GK-06,19,d6ac93ac-d4bc-484e-ad38-d02847251c95,2026-10-07T08:44:58.881186+00:00,37,40,37,0.75,587,17,3.5,25,5.88,C,0.8005,APPROVE
R4-Q020,R4,GK-06,20,c90da37b-764d-4a3f-9705-5736ff32c2c2,2026-10-07T08:45:06.195919+00:00,37,40,37,0.75,587,17,3.5,25,5.88,D,0.8002,APPROVE
R4-Q021,R4,GK-06,21,99bd838d-1a1e-4f9f-aa00-f9460ad9746e,2026-10-07T08:49:07.806852+00:00,10,32.5,20,0.5,600,10,2.5,50,3,C,0.043,DECLINE
R4-Q022,R4,GK-06,22,1e5c3e89-892b-4e77-a1f0-38da77da3359,2026-10-07T08:49:28.184784+00:00,10,33,20,0.5,600,10,2.5,50,3,C,0.043,DECLINE
R4-Q023,R4,GK-06,23,94e65a68-e5f4-4b5c-80fc-fb29018ead39,2026-10-07T08:49:34.178955+00:00,10,33.25,20,0.5,600,10,2.5,50,3,C,0.043,DECLINE
R4-Q024,R4,GK-06,24,f2334c0f-5b3b-4290-b1e8-9b16312a11bc,2026-10-07T08:50:03.038267+00:00,10,32.5,30,0.5,880,10,4.44,50,3,C,0.043,DECLINE
R4-Q025,R4,GK-06,25,517bd73d-1f5d-43e3-949c-64fb91fab86a,2026-10-07T08:50:16.174669+00:00,9.8,32.5,30,0.5,880,10,4.44,50,3,C,0.043,DECLINE
R4-Q026,R4,GK-06,26,dde26b78-ce8b-4ce2-ab3b-119014b7bdaf,2026-10-07T08:50:32.281841+00:00,9.8,33,30,0.97,880,10,4.44,50,3,C,0.043,DECLINE
R4-Q027,R4,GK-06,27,9d9681a2-1fe1-424e-b6ad-743771ba3d11,2026-10-07T08:50:38.498300+00:00,9.8,33.25,30,0.97,880,10,4.44,50,3,C,0.043,DECLINE
R4-Q028,R4,GK-06,28,9a5679d5-4cac-43da-91ea-8a37337885f6,2026-10-07T08:50:51.819372+00:00,9.8,33.5,30,0.97,880,10,4.44,50,3,C,0.043,DECLINE
R4-Q029,R4,GK-06,29,df630000-a119-4482-971b-319213b4bebc,2026-10-07T08:51:30.634974+00:00,10,46.5,20,0.5,561,10,2.5,50,3,A,0.4856,DECLINE
R4-Q030,R4,GK-06,30,33b658c8-a266-4352-8253-b6e13c91f107,2026-10-07T08:51:40.328548+00:00,10,46.5,20,0.5,562,10,2.5,50,3,A,0.4911,APPROVE
R4-Q031,R4,GK-06,31,2bb7471f-0327-4482-9bb2-32b1605e5f02,2026-10-07T08:51:44.490465+00:00,10,46.5,20,0.5,563,10,2.5,50,3,A,0.4908,APPROVE
R4-Q032,R4,GK-06,32,ed8dae94-2518-421f-9856-1f0c7d6e794c,2026-10-07T08:51:47.902697+00:00,10,46.5,20,0.5,564,10,2.5,50,3,A,0.4908,APPROVE
R4-Q033,R4,GK-06,33,ad2b00cc-6225-4345-874e-6866727f2f9c,2026-10-07T08:51:57.418164+00:00,10,46.5,20,0.5,562.5,10,2.5,50,3,A,0.4908,APPROVE
R4-Q034,R4,GK-06,34,f6159413-a7e2-435a-a423-73bbceb663b5,2026-10-07T08:52:08.092405+00:00,10,46.5,20,0.5,563.5,10,2.5,50,3,A,0.4908,APPROVE
R4-Q035,R4,GK-06,35,23e2ab32-21cc-4891-83c1-1894fd00cb44,2026-10-07T08:52:15.847216+00:00,10,46.5,20,0.5,564.5,10,2.5,50,3,A,0.4908,APPROVE
R4-Q036,R4,GK-06,36,996a36a9-9da1-43a2-ae96-5750b4cdcf36,2026-10-07T08:52:23.940878+00:00,10,46.5,20,0.5,565,10,2.5,50,3,B,0.4913,APPROVE
R4-Q037,R4,GK-06,37,98ad5e5a-8ee5-4ba0-9fb6-97202b248da8,2026-10-07T08:52:52.134639+00:00,10,70,5,0.2,350,10,0.5,50,3,A,0.0393,DECLINE
R4-Q038,R4,GK-06,38,25d7a5da-2ab9-412c-b8fd-8e8441bd9d41,2026-10-07T08:53:24.470183+00:00,10,46.5,20,0.5,565,10,2.5,50,3,B,0.4913,APPROVE
R4-Q039,R4,GK-06,39,103f91d3-9665-4d98-94d5-5dae3ef04b25,2026-10-07T08:53:51.181393+00:00,90,70,5,0.2,350,10,0.5,50,3,A,0.0132,DECLINE
R4-Q040,R4,GK-06,40,813a75e0-aa82-4abd-9384-23405d09cadc,2026-10-07T08:54:19.285264+00:00,65,63,15,0.65,520,10,1,50,3,B,0.156,DECLINE
R4-Q041,R4,GK-06,41,a3be02cc-bfc4-4ad3-8bcc-3de008006c47,2026-10-07T09:11:37.363366+00:00,10.577,41.561,0.287,0.089,577.789,3.103,4.622,86.08,1.295,C,0.4183,DECLINE
R4-Q042,R4,GK-06,42,83d72e4b-e781-4965-825b-36b768d5d5b3,2026-10-07T09:14:12.694424+00:00,10,32.5,20,0.5,600,10,2.5,50,3,C,0.043,DECLINE
R4-Q043,R4,GK-06,43,9fffacea-f188-48ff-8961-512047bd411a,2026-10-07T09:24:33.933493+00:00,94.814,21.317,6.533,0.995,634.138,18.606,2.112,38.4,2.827,B,0.8069,APPROVE
R4-Q044,R4,GK-06,44,560878b7-4817-4dde-a326-0b8f03594087,2026-10-07T09:24:36.153851+00:00,65.393,41.232,12.406,0.192,600.691,5.421,1.285,97.54,0.755,A,0.1826,DECLINE
R4-Q045,R4,GK-06,45,f4bf3077-14c0-4926-a7ca-33338aee00fe,2026-10-07T09:24:38.084120+00:00,29.683,67.596,17.568,0.894,431.837,1.127,4.409,53.148,3.316,B,0.487,DECLINE
R4-Q046,R4,GK-06,46,a73c7f76-b39a-4cef-957d-879bb620adc9,2026-10-07T09:24:40.570997+00:00,26.043,22.418,9.537,0.668,380.885,0.123,3.16,57.392,1.478,B,0.6247,APPROVE
R4-Q047,R4,GK-06,47,28434eb2-e9ae-427d-bbfb-df5ad4b1a7cd,2026-10-07T09:24:42.690176+00:00,19.775,51.677,4.398,0.618,308.402,15.442,3.678,19.307,4.058,B,0.2414,DECLINE
R4-Q048,R4,GK-06,48,ca9c093d-4f23-443f-8185-e362ba582b27,2026-10-07T09:24:44.118326+00:00,31.57,44.369,6.596,0.801,894,9.596,4.761,13.046,3.579,C,0.802,APPROVE
R4-Q049,R4,GK-06,49,14b8d221-fdc4-4334-9dc0-4d4a12169591,2026-10-07T09:24:45.886781+00:00,6.984,46.687,23.063,0.858,727.496,14.261,3.521,73.077,0.291,D,0.8669,APPROVE
R4-Q050,R4,GK-06,50,d8b63117-b87c-41f6-b61f-41c043a89c0e,2026-10-07T09:24:47.650616+00:00,18.075,18.121,1.794,0.339,651.529,11.887,4.083,72.704,2.005,D,0.6528,APPROVE
R4-Q051,R4,GK-06,51,6d6d69ca-fea4-4005-92bd-7b97f5d90480,2026-10-07T09:24:49.756205+00:00,26.942,34.444,38.557,0.225,415.371,5.117,3.515,36.914,5.03,A,0.466,DECLINE
R4-Q052,R4,GK-06,52,380d1cb8-00e2-4ba8-80a3-438cbb5a9199,2026-10-07T09:24:51.926568+00:00,84.188,18.033,15.519,0.151,330.303,12.843,2.122,73.068,4.846,C,0.043,DECLINE
R4-Q053,R4,GK-06,53,0511c9f7-aec2-475a-bff8-e0cf33b31354,2026-10-07T09:24:53.806846+00:00,97.43,22.154,24.607,0.954,353.398,15.376,0.393,84.897,2.036,B,0.5438,APPROVE
R4-Q054,R4,GK-06,54,64aa99ac-ce52-4328-87fe-d7a9883a64e7,2026-10-07T09:24:55.469184+00:00,73.457,29.323,33.73,0.918,374.376,11.038,4.441,15.248,4.602,B,0.7838,APPROVE
R4-Q055,R4,GK-06,55,c351b8ed-f2ac-46d9-9c08-42d03d7a5e35,2026-10-07T09:24:57.030364+00:00,8.086,69.704,17.883,0.346,329.716,11.85,4.66,28.377,0.717,C,0.2562,DECLINE
R4-Q056,R4,GK-06,56,4d4b1304-2340-4ec4-9ac1-14e67bfe4611,2026-10-07T09:24:58.628511+00:00,8.946,19.375,18.927,0.955,721.214,19.751,4.581,4.284,5.041,A,0.9396,APPROVE
R4-Q057,R4,GK-06,57,d9d89fda-248f-4124-85c1-f3e6a57a4d56,2026-10-07T09:25:00.190137+00:00,63.317,68.326,7.256,0.426,352.579,11.056,1.441,34.93,4.121,A,0.0503,DECLINE
R4-Q058,R4,GK-06,58,39b060e0-4661-4a69-8461-3d1b93aab209,2026-10-07T09:25:01.910124+00:00,40.756,62.574,8.707,0.903,769.532,0.465,2.546,29.61,0.124,D,0.5008,APPROVE
R4-Q059,R4,GK-06,59,5ea3a912-45b1-4e52-83d6-6380ac63ccf9,2026-10-07T09:25:03.644261+00:00,99.184,26.362,11.496,0.091,394.394,18.716,4.442,8.29,1.583,D,0.3216,DECLINE
R4-Q060,R4,GK-06,60,b3eeee01-eb70-4e9b-82a0-f693ec6a1f0c,2026-10-07T09:25:05.180615+00:00,99.98,61.365,5.848,0.932,426.948,17.201,2.992,63.424,3.213,D,0.3669,DECLINE
R4-Q061,R4,GK-06,61,1fe7ad9e-d761-4395-ba5f-6837a4157b81,2026-10-07T09:25:06.977149+00:00,98.897,51.544,9.959,0.543,761.168,7.861,1.228,77.146,2.96,A,0.3193,DECLINE
R4-Q062,R4,GK-06,62,7c793895-1b4e-4f9d-b47d-77da681297dd,2026-10-07T09:25:09.649164+00:00,98.897,51.544,9.959,0.543,761.168,7.861,1.228,77.146,2.96,A,0.3193,DECLINE
R4-Q063,R4,GK-06,63,bf2fd83f-56fb-4408-8ecb-f46ad15256b5,2026-10-07T09:25:11.211270+00:00,27.957,50.294,22.886,0.273,635.476,12.358,3.155,99.324,0.626,C,0.4206,DECLINE
R4-Q064,R4,GK-06,64,1ba96f86-840d-429c-a483-b70f9019d958,2026-10-07T09:25:12.617249+00:00,61.994,30.084,0.815,0.931,754.11,13.574,4.406,81.35,2.593,D,0.868,APPROVE
R4-Q065,R4,GK-06,65,52b9a26e-f76a-4c10-b00d-fbc9bb5ae8db,2026-10-07T09:25:14.229287+00:00,8.961,61.844,22.261,0.735,519.292,12.731,2.406,79.15,3.356,D,0.4791,DECLINE
R4-Q066,R4,GK-06,66,6efdd7b1-a949-42fe-9213-8ef4e847785b,2026-10-07T09:25:22.377205+00:00,8.961,61.844,22.261,0.735,519.292,12.731,2.406,79.15,3.356,D,0.4791,DECLINE
R4-Q067,R4,GK-06,67,f96859ab-1549-4bc6-a580-ed5996a5fcd2,2026-10-07T09:25:24.124616+00:00,6.891,62.584,21.708,0.321,740.645,0.448,0.079,42.53,2.47,D,0.2829,DECLINE
R4-Q068,R4,GK-06,68,599ca488-c39c-4b79-bce2-c6990008f7b9,2026-10-07T09:25:25.978336+00:00,42.103,32.354,24.331,0.869,555.151,16.459,1.401,33.618,5.452,B,0.6101,APPROVE
R4-Q069,R4,GK-06,69,5062cd18-4e3d-467d-a1f6-f81fd9d438a4,2026-10-07T09:25:27.316736+00:00,1.409,74.526,11.285,0.852,374.261,13.119,0.973,73.617,4.219,A,0.2996,DECLINE
R4-Q070,R4,GK-06,70,e9e63a66-170a-4f51-8fed-3aee864c25f9,2026-10-07T09:25:28.638197+00:00,6.248,62.844,33.739,0.592,303.906,11.523,2.639,44.091,1.583,D,0.52,APPROVE
R4-Q071,R4,GK-06,71,83d69a1d-f975-43d6-b4ce-fa22600ec3d0,2026-10-07T09:25:30.402198+00:00,78.66,35.909,7.224,0.276,431.952,2.801,3.71,9.129,0.258,A,0.3443,DECLINE
R4-Q072,R4,GK-06,72,69eb74b1-2156-4e0b-8b58-c2229d7d2767,2026-10-07T09:25:31.920846+00:00,28.811,26.222,22.757,0.225,477.316,7.502,0.668,62.508,4.752,B,0.286,DECLINE
R4-Q073,R4,GK-06,73,d349120a-4a5d-4dd7-83fa-2af378ae8a89,2026-10-07T09:25:33.544693+00:00,25.726,63.247,29.046,0.935,457.854,4.298,1.506,76.801,3.602,A,0.4347,DECLINE
R4-Q074,R4,GK-06,74,37635a1e-130f-4d82-b626-f3f5aa902674,2026-10-07T09:25:34.976724+00:00,93.333,52.672,39.013,0.072,518.765,10.558,4.975,73.949,2.57,A,0.3121,DECLINE
R4-Q075,R4,GK-06,75,bdf748b5-1992-40d1-8043-b75ce6999fb7,2026-10-07T09:25:36.495994+00:00,30.026,43.784,14.746,0.446,350.474,16.648,2.357,34.199,0.325,C,0.2023,DECLINE
R4-Q076,R4,GK-06,76,5f0b6bcc-c221-4bb9-9c99-8d6f1d8eafc5,2026-10-07T09:25:37.958742+00:00,32.754,35.745,25.94,0.34,849.233,6.283,4.875,21.143,4.645,B,0.8353,APPROVE
R4-Q077,R4,GK-06,77,5c90d1a8-52d3-4f39-9992-d832eb1e8a0c,2026-10-07T09:25:38.652495+00:00,32.754,35.745,25.94,0.34,849.233,6.283,4.875,21.143,4.645,B,0.8353,APPROVE
R4-Q078,R4,GK-06,78,2f4130b2-b927-449c-8b80-730448c7e950,2026-10-07T09:25:39.936357+00:00,32.754,35.745,25.94,0.34,849.233,6.283,4.875,21.143,4.645,B,0.8353,APPROVE
R4-Q079,R4,GK-06,79,7abd5287-0bc8-47b0-818a-6e0ccef3bb38,2026-10-07T09:25:41.487693+00:00,67.614,43.373,34.77,0.063,304.396,6.502,3.484,39.591,5.912,C,0.2222,DECLINE
R4-Q080,R4,GK-06,80,a90ac3f3-fd4a-4229-ae3d-800447c83b3e,2026-10-07T09:25:42.835704+00:00,60.069,53.531,35.721,0.66,507.549,6.833,3.792,72.282,0.393,C,0.4483,DECLINE
